{
	"class_name" : "PinholeCameraParameters",
	"extrinsic" : 
	[
		0.94971171018414813,
		-0.063362655823380826,
		-0.30664774805321604,
		0.0,
		-0.11056054710286685,
		-0.98409117187190331,
		-0.1390716752904736,
		0.0,
		-0.29295739103735824,
		0.16598114137091582,
		-0.94160831970931125,
		0.0,
		1.4520585966118995,
		1.2911465823918769,
		3.8700866226156214,
		1.0
	],
	"intrinsic" : 
	{
		"height" : 720,
		"intrinsic_matrix" : 
		[
			623.53829072479584,
			0.0,
			0.0,
			0.0,
			623.53829072479584,
			0.0,
			639.5,
			359.5,
			1.0
		],
		"width" : 1280
	},
	"version_major" : 1,
	"version_minor" : 0
}