{
	"class_name" : "PinholeCameraParameters",
	"extrinsic" : 
	[
		0.89992183708877749,
		-0.099952906461219668,
		-0.42444093066139926,
		0.0,
		-0.00013431337252034492,
		-0.9734374644685958,
		0.22895301860615311,
		0.0,
		-0.43605122301247828,
		-0.20598281301823754,
		-0.87603105632758016,
		0.0,
		0.02808548972862554,
		0.078053948107726825,
		0.56001011324034256,
		1.0
	],
	"intrinsic" : 
	{
		"height" : 991,
		"intrinsic_matrix" : 
		[
			858.2311751503787,
			0.0,
			0.0,
			0.0,
			858.2311751503787,
			0.0,
			959.5,
			495.0,
			1.0
		],
		"width" : 1920
	},
	"version_major" : 1,
	"version_minor" : 0
}