{
	"class_name" : "PinholeCameraParameters",
	"extrinsic" : 
	[
		0.92265140153352965,
		0.017735295674683543,
		-0.38522701168991913,
		0.0,
		-0.0092636449611233178,
		-0.99763434085635216,
		-0.06811686154063519,
		0.0,
		-0.38552376856718934,
		0.066416724034262353,
		-0.92030442932668144,
		0.0,
		0.015344220996142965,
		0.3794469111551747,
		0.83703343936854058,
		1.0
	],
	"intrinsic" : 
	{
		"height" : 720,
		"intrinsic_matrix" : 
		[
			623.53829072479584,
			0.0,
			0.0,
			0.0,
			623.53829072479584,
			0.0,
			639.5,
			359.5,
			1.0
		],
		"width" : 1280
	},
	"version_major" : 1,
	"version_minor" : 0
}