{
	"class_name" : "PinholeCameraParameters",
	"extrinsic" : 
	[
		0.91632485649279094,
		-0.099020910813838764,
		-0.3879995059211595,
		0.0,
		-0.1551030497491318,
		-0.98107336154053204,
		-0.11592283310064012,
		0.0,
		-0.36917719503239155,
		0.16640288007470999,
		-0.91434035247869117,
		0.0,
		0.56209354886862528,
		1.1342031311662253,
		1.0291866978490098,
		1.0
	],
	"intrinsic" : 
	{
		"height" : 991,
		"intrinsic_matrix" : 
		[
			858.2311751503787,
			0.0,
			0.0,
			0.0,
			858.2311751503787,
			0.0,
			959.5,
			495.0,
			1.0
		],
		"width" : 1920
	},
	"version_major" : 1,
	"version_minor" : 0
}