{
	"class_name" : "PinholeCameraParameters",
	"extrinsic" : 
	[
		0.95621789116132139,
		0.014737207112865778,
		-0.29228438095373455,
		0.0,
		-0.0028645343542607611,
		-0.99821213135296261,
		-0.059702054091204812,
		0.0,
		-0.29264165640921419,
		0.057925430911546817,
		-0.95446608393791721,
		0.0,
		0.39259894312544485,
		0.34506258590838323,
		1.8879519649134655,
		1.0
	],
	"intrinsic" : 
	{
		"height" : 720,
		"intrinsic_matrix" : 
		[
			623.53829072479584,
			0.0,
			0.0,
			0.0,
			623.53829072479584,
			0.0,
			639.5,
			359.5,
			1.0
		],
		"width" : 1280
	},
	"version_major" : 1,
	"version_minor" : 0
}